frame,time_s,detected,vis_min,phase,phase_pct,kick_side,kick_knee_angle,kick_hip_flexion,kick_ankle_angle,kick_hip_abduction,kick_elbow_angle,sup_knee_angle,sup_hip_flexion,sup_ankle_angle,sup_hip_abduction,sup_elbow_angle,trunk_lean_total,trunk_lean_sagittal,trunk_lean_frontal,pelvis_tilt_frontal,pelvis_rotation,shoulder_rotation,shoulder_hip_separation,pelvis_foreshorten_ratio,pelvis_tilt_conf,kick_leg_ext_ratio,sup_leg_ext_ratio,kick_ankle_reach_ap,kick_ankle_reach_ml,kick_ankle_height,kick_knee_height,sup_ankle_height,kick_wrist_height,sup_wrist_height,com_ap,com_ml,com_height,com_speed,com_vel_ap,com_vel_vert,com_over_base_ap,com_over_base_ml,com_base_dist,sup_ankle_speed,sup_foot_planted,kick_knee_angle_vel,kick_hip_flexion_vel,sup_knee_angle_vel,trunk_lean_sagittal_vel,pelvis_tilt_frontal_vel,kick_leg_ext_ratio_vel,kick_ankle_speed
0,0.0,1,0.81762,ready,0.0,left,170.12729,7.32151,112.08164,6.0715,87.10174,167.68962,5.70524,107.28138,7.41854,72.47966,11.16902,1.09858,-11.11347,2.18031,-121.51351,-124.34794,-2.83443,0.85354,0.78808,0.9712,0.97234,0.36617,0.41711,-1.5495,-0.83901,-1.48163,-0.33999,-0.39652,0.01578,-0.0774,0.1974,0.19588,0.14429,-0.07239,0.42256,-0.15041,0.44853,2.83048,0,10.55332,29.09438,-20.73866,27.30047,13.48971,0.11615,1.17362
1,0.03333,1,0.87919,ready,2.86,left,170.47907,8.29132,112.81181,5.36857,87.4039,166.99834,5.6343,105.01733,9.49533,73.51616,10.89141,2.0086,-10.70014,2.62996,-120.965,-121.42218,-0.45718,0.84494,0.77634,0.97507,0.98377,0.38527,0.38499,-1.56079,-0.84467,-1.47172,-0.32366,-0.39666,0.02068,-0.07354,0.19496,0.09373,0.08769,0.02477,0.48758,-0.22023,0.53501,1.27105,0,18.95383,23.86028,-6.1423,10.94066,-4.35036,0.10568,0.97433
2,0.06667,1,0.81001,ready,5.71,left,171.39088,8.91219,112.0462,8.19272,85.61455,167.28014,6.42787,108.00227,8.63356,74.41503,11.51117,1.82796,-11.36117,1.89028,-121.52251,-122.41074,-0.88823,0.83972,0.76926,0.97824,0.97072,0.4092,0.46583,-1.54539,-0.83418,-1.46104,-0.31007,-0.39649,0.02171,-0.07577,0.19903,0.17098,0.07705,0.12164,0.50832,-0.17782,0.53852,1.35673,0,5.97647,49.63231,2.08606,-4.66208,-27.5912,0.06382,2.18441
3,0.1,1,0.80817,ready,8.57,left,170.8775,11.60014,110.97579,9.90062,81.74213,167.13741,7.01555,109.76591,7.25578,76.76472,12.0693,1.69779,-11.94572,0.79055,-121.949,-124.72522,-2.77622,0.85981,0.79701,0.97932,0.95479,0.43767,0.51655,-1.5271,-0.81253,-1.45312,-0.31227,-0.40017,0.02577,-0.07976,0.20313,0.17725,0.16381,0.03396,0.49511,-0.13418,0.51297,0.52173,1,-27.57501,85.92002,-32.12238,2.94679,-25.97616,-0.08898,0.87529
4,0.13333,1,0.82687,ready,11.43,left,169.55255,14.64019,111.26327,6.64388,79.09833,165.13865,5.5246,105.39174,7.9249,79.16437,11.74854,2.02441,-11.5679,0.15854,-122.48123,-126.78114,-4.29992,0.86684,0.80677,0.97231,0.95581,0.45119,0.42866,-1.52889,-0.79425,-1.44945,-0.32472,-0.41325,0.03264,-0.07977,0.20142,0.1997,0.17367,-0.09167,0.47932,-0.17717,0.51102,0.98342,0,-41.38908,84.31499,-59.13654,7.63221,-17.59028,-0.20329,2.72825
5,0.16667,1,0.83077,ready,14.29,left,168.11823,17.22114,112.01231,2.99157,80.84655,163.19497,4.52338,102.30205,8.02961,78.91157,11.61362,2.20661,-11.39633,-0.38213,-122.61576,-127.71103,-5.09527,0.87316,0.81531,0.96577,0.95978,0.45426,0.33544,-1.52994,-0.78213,-1.45365,-0.34785,-0.42414,0.03745,-0.08218,0.19715,0.24509,0.15282,-0.10067,0.47091,-0.20125,0.51211,0.54905,1,-48.84067,71.52163,-35.56924,3.93647,-19.85585,-0.19771,1.56417
6,0.2,1,0.84111,ready,17.14,left,166.2965,19.4083,112.28088,2.58317,83.86182,162.76736,5.29544,102.8853,7.31399,79.11391,12.56916,2.28684,-12.35266,-1.16518,-121.77569,-127.21299,-5.4373,0.89751,0.8496,0.95913,0.95978,0.47205,0.32765,-1.51371,-0.76889,-1.46587,-0.37763,-0.42383,0.0429,-0.09059,0.19475,0.23573,0.18007,0.003,0.44904,-0.19356,0.48898,1.28658,0,-48.15593,67.33717,-6.08661,-0.2539,-25.10599,-0.16899,0.8225
7,0.23333,1,0.8484,ready,20.0,left,164.90783,21.71029,113.04952,1.83143,84.28434,162.7892,3.45425,100.1676,9.52228,81.32388,13.16634,2.18968,-12.9765,-2.05587,-123.14264,-129.13056,-5.98791,0.84725,0.77898,0.95451,0.96855,0.49385,0.31455,-1.49824,-0.75189,-1.47417,-0.38717,-0.43227,0.04952,-0.09227,0.19733,0.25958,0.19141,0.13708,0.4015,-0.2566,0.4765,2.02542,0,-37.476,66.95092,1.6022,-3.22022,-25.96527,-0.08651,1.21069
8,0.26667,1,0.76809,ready,22.86,left,163.7981,23.8717,114.35168,-0.68959,87.21933,162.87418,1.09618,96.35709,12.04031,82.50129,12.16116,2.07216,-11.97799,-2.8962,-125.98857,-133.04026,-7.05169,0.76888,0.67345,0.95336,0.97791,0.5122,0.26068,-1.49301,-0.73495,-1.47692,-0.39618,-0.4598,0.0558,-0.08329,0.20395,0.33298,0.20076,0.15598,0.36493,-0.30981,0.4787,0.71108,0,-35.05973,59.53332,12.2101,3.42241,-23.67491,-0.02472,1.45838
9,0.3,1,0.63762,ready,25.71,left,162.57052,25.67917,115.28457,-1.82525,92.3906,163.6032,1.46561,98.24814,10.50817,82.98071,11.05788,2.41784,-10.7838,-3.63419,-125.03039,-133.73871,-8.70832,0.7911,0.70234,0.95286,0.97332,0.54809,0.23492,-1.48446,-0.72175,-1.48748,-0.43726,-0.49074,0.06307,-0.07793,0.20783,0.18958,0.18689,0.0145,0.35931,-0.2589,0.44287,1.53336,0,-14.39209,42.28597,27.14929,11.03868,-17.47769,0.00156,1.20963
10,0.33333,1,0.61269,ready,28.57,left,162.83863,26.69076,116.01578,-1.89875,93.63221,164.68413,3.02782,101.71937,8.26839,85.31803,11.03937,2.80808,-10.66757,-4.06138,-122.71877,-132.49102,-9.77224,0.84669,0.77734,0.95347,0.97134,0.58345,0.22612,-1.47748,-0.71937,-1.50515,-0.47334,-0.51006,0.06833,-0.08136,0.20494,0.21386,0.10414,-0.13087,0.34863,-0.20304,0.40344,1.31525,0,30.51573,15.74218,34.56509,9.26845,-0.21373,0.05763,1.00864
11,0.36667,1,0.60809,ready,31.43,left,164.6049,26.72865,116.65673,-3.58814,92.93132,165.90754,3.9248,102.46338,7.93794,86.46434,11.21893,3.03574,-10.79013,-3.64844,-122.29822,-132.0693,-9.77107,0.86571,0.80358,0.9567,0.97687,0.58463,0.17856,-1.48643,-0.73143,-1.51889,-0.47733,-0.50066,0.06997,-0.08678,0.19903,0.19093,0.06333,-0.11494,0.32569,-0.19052,0.37732,0.74437,0,37.45405,5.05776,28.24672,10.97497,17.22575,0.05557,1.40118
12,0.4,1,0.60633,ready,34.29,left,165.33557,27.02795,116.90304,-5.43539,93.92707,166.56724,4.69895,102.82343,7.7744,83.83942,11.33667,3.53974,-10.75595,-2.913,-121.91094,-132.4367,-10.52577,0.89292,0.84105,0.95717,0.98033,0.57276,0.13476,-1.49429,-0.74114,-1.52529,-0.47482,-0.46291,0.07247,-0.09068,0.19718,0.09458,0.07613,0.02669,0.31889,-0.18088,0.36662,0.2449,1,10.54721,8.22424,9.89416,13.07734,11.75622,-0.04842,0.66401
13,0.43333,1,0.40047,ready,37.14,left,165.30805,27.27694,116.72844,-5.44454,93.91089,166.56715,4.88579,103.00827,7.77216,80.46215,11.43801,3.90756,-10.73289,-2.86469,-121.96393,-134.54202,-12.57809,0.89488,0.84414,0.95347,0.97926,0.57075,0.13641,-1.48876,-0.73696,-1.52305,-0.47142,-0.42916,0.07496,-0.09023,0.20078,0.17425,0.03853,0.09944,0.31945,-0.18139,0.36736,0.14087,1,7.37382,-8.50677,3.5292,5.81999,4.7134,-0.07185,0.14921
14,0.46667,1,0.39619,ready,40.0,left,165.82715,26.46083,116.68221,-5.58902,93.30501,166.80252,4.10338,102.5775,7.97077,79.85905,10.44896,3.92774,-9.66728,-2.59877,-123.3155,-136.95754,-13.64204,0.86034,0.7952,0.95238,0.97674,0.56449,0.13476,-1.48861,-0.73569,-1.51712,-0.46128,-0.41515,0.07498,-0.08162,0.20386,0.31939,0.02758,0.03578,0.31381,-0.17247,0.35808,0.48254,1,13.17016,-31.08604,7.95641,7.69136,20.48555,-0.02343,0.39219
15,0.5,1,0.34884,ready,42.86,left,166.18606,25.20453,117.35073,-6.85815,95.75949,167.09758,4.10558,103.3018,7.12568,79.84699,8.82297,4.42032,-7.62053,-1.49899,-123.83838,-137.2416,-13.40321,0.86962,0.80812,0.95191,0.97641,0.55609,0.11553,-1.49458,-0.74518,-1.51792,-0.45979,-0.41013,0.0768,-0.06919,0.20322,0.25843,0.07192,-0.04443,0.31963,-0.1302,0.34514,0.87931,0,2.62108,-20.85469,10.96155,18.32589,25.55097,-0.07451,0.40198
16,0.53333,1,0.34333,ready,45.71,left,166.00189,25.07052,117.93133,-7.42109,98.39105,167.53329,4.05464,104.72671,6.15256,77.4602,8.65821,5.14947,-6.94157,-0.89537,-124.0501,-137.58404,-13.53393,0.89878,0.84942,0.94741,0.97793,0.55158,0.11138,-1.49081,-0.74869,-1.52235,-0.47052,-0.40915,0.07981,-0.06535,0.20089,0.03715,0.01046,-0.03433,0.33368,-0.10078,0.34857,0.38029,1,0.12273,0.95337,21.6985,8.43626,5.31637,-0.14165,0.42082
17,0.56667,1,0.29363,ready,48.57,left,166.19424,25.26809,117.0323,-6.39675,96.4046,168.54415,2.97036,104.60132,7.00851,75.75147,9.57513,4.98273,-8.15572,-1.14457,-124.93309,-138.86339,-13.9303,0.87935,0.82114,0.94247,0.97801,0.53504,0.1309,-1.48431,-0.7417,-1.51922,-0.4787,-0.41542,0.0775,-0.06988,0.20088,0.17373,-0.14214,0.07461,0.34001,-0.12013,0.36061,0.93934,0,19.43234,-28.4356,18.1656,-14.02184,-7.44685,-0.07748,1.30382
18,0.6,1,0.30576,ready,51.43,left,167.29738,23.17481,115.92758,-3.42998,93.60775,168.74433,1.45197,103.20897,8.67949,78.64355,10.11442,4.21468,-9.17767,-1.39183,-124.98271,-139.17972,-14.19701,0.85053,0.78133,0.94225,0.97717,0.51177,0.18849,-1.4868,-0.74048,-1.5084,-0.47527,-0.42838,0.07032,-0.06985,0.20582,0.26359,-0.22661,0.13409,0.35178,-0.15955,0.38627,1.08312,0,41.70972,-72.5383,-16.87448,-20.18815,-6.2433,-0.00738,1.69314
19,0.63333,1,0.26453,ready,54.29,left,168.97489,20.4322,115.87893,-1.04014,94.24008,167.41918,1.38075,102.62355,8.2977,82.29021,10.29749,3.63686,-9.62077,-1.56079,-124.56316,-138.90331,-14.34014,0.84053,0.767,0.94197,0.97105,0.49233,0.23526,-1.48768,-0.74476,-1.49407,-0.45657,-0.4314,0.06241,-0.07074,0.2098,0.2703,-0.20422,0.04992,0.36998,-0.17343,0.40861,0.85081,0,9.18005,-35.01681,-45.31004,-15.95957,-5.38907,-0.15442,0.77551
20,0.66667,1,0.18824,ready,57.14,left,167.90938,20.84036,115.14975,-2.46445,95.29178,165.72367,4.409,102.62474,6.65207,83.07786,10.95243,3.1507,-10.47872,-1.7511,-124.65789,-138.44959,-13.7917,0.82233,0.74167,0.93196,0.95586,0.46503,0.20827,-1.47719,-0.73798,-1.47261,-0.42909,-0.42077,0.05673,-0.0812,0.20913,0.23718,-0.13488,-0.01367,0.38167,-0.16479,0.41573,0.9529,0,-40.91476,5.68189,-29.70256,-12.76967,2.56584,-0.2144,0.85127
21,0.7,1,0.2053,ready,60.0,left,166.24724,20.811,114.19833,-2.26295,93.45996,165.43901,5.03102,102.59422,6.74948,84.07274,11.57106,2.78555,-11.22176,-1.38973,-125.05399,-137.49965,-12.44566,0.81896,0.73729,0.92768,0.94729,0.43765,0.22648,-1.47549,-0.73599,-1.45596,-0.41401,-0.43336,0.05346,-0.08372,0.20885,0.23085,-0.18254,-0.00783,0.40499,-0.15657,0.4342,0.94864,0,17.24826,-80.32443,0.1944,-12.93308,17.40968,0.15802,2.44279
22,0.73333,1,0.11297,ready,62.86,left,169.05927,15.48539,114.68038,3.71983,89.76513,165.73663,4.26955,103.48474,7.89915,85.39351,11.4206,2.2885,-11.1829,-0.59045,-126.26864,-137.28049,-11.01185,0.8291,0.75239,0.94249,0.95904,0.41811,0.36344,-1.49243,-0.75863,-1.46502,-0.4052,-0.47453,0.04463,-0.07181,0.20855,0.47605,-0.33577,0.00483,0.4395,-0.14298,0.46217,0.98643,0,79.53531,-146.67665,7.87299,-21.50837,18.67988,0.36564,3.32371
23,0.76667,1,0.19587,ready,65.71,left,171.54959,11.03255,114.39088,7.21177,88.82172,165.96388,4.84469,103.45261,8.53288,85.85747,10.47389,1.35165,-10.38435,-0.1444,-127.9765,-138.05701,-10.08051,0.789,0.69964,0.95206,0.96905,0.38813,0.4409,-1.50137,-0.77524,-1.47187,-0.36978,-0.50495,0.0311,-0.06123,0.20914,0.34455,-0.20041,0.07835,0.4492,-0.13948,0.47036,0.6137,0,19.13208,-59.78214,-34.75799,-15.10636,5.1397,0.02336,0.88175
24,0.8,1,0.26184,ready,68.57,left,170.33474,11.49992,113.63222,4.82641,85.16435,163.41943,3.39899,101.53398,9.15784,87.51627,9.01377,1.28141,-8.92072,-0.24781,-129.12788,-138.9896,-9.86172,0.73444,0.62859,0.94405,0.96261,0.36264,0.38121,-1.50073,-0.76786,-1.45422,-0.32877,-0.53533,0.03123,-0.05379,0.21383,0.31276,0.22158,0.07545,0.43407,-0.17066,0.46641,1.39914,0,-19.69162,40.14009,-82.23336,17.51355,-6.90354,-0.05724,1.71791
25,0.83333,1,0.41362,ready,71.43,left,170.23681,13.70856,115.65526,3.17718,80.34052,160.48165,1.69952,101.35362,9.6003,91.70228,8.43352,2.51922,-8.04322,-0.60464,-129.93971,-140.31635,-10.37664,0.72952,0.62236,0.94824,0.96786,0.36642,0.32916,-1.51197,-0.76705,-1.46152,-0.32747,-0.58671,0.04584,-0.04719,0.21431,0.40668,0.37367,-0.05662,0.40663,-0.20802,0.45675,1.97411,0,47.31192,15.04794,-57.35118,30.94388,-11.70484,0.22965,0.77216
26,0.86667,1,0.51486,ready,74.29,left,173.48887,12.50311,117.8102,4.10297,79.41628,159.59601,4.49904,103.9162,9.42799,93.62236,8.77095,3.34433,-8.09903,-1.02813,-131.27176,-141.69826,-10.42649,0.72064,0.61117,0.95936,0.98012,0.36185,0.33758,-1.52753,-0.78607,-1.4898,-0.33689,-0.62521,0.05614,-0.04354,0.21017,0.30206,0.23072,-0.05654,0.35281,-0.21763,0.41454,2.14263,0,65.64577,-68.60385,-84.70257,15.17602,-15.73683,0.27343,0.93638
27,0.9,1,0.56332,ready,77.14,left,174.6132,9.13497,117.11414,4.26842,80.19221,154.83481,9.30138,107.54816,8.89611,92.44329,8.12657,3.53096,-7.31006,-1.65376,-133.62987,-141.83622,-8.20635,0.67492,0.55395,0.96647,0.96341,0.31295,0.34193,-1.54159,-0.81197,-1.47287,-0.32003,-0.64584,0.06117,-0.03472,0.21059,0.36981,0.15867,-0.00423,0.28743,-0.20653,0.35393,2.12077,0,17.35845,-85.4834,-179.21953,8.74712,-17.8151,0.25109,1.85503
28,0.93333,1,0.5809,ready,80.0,left,174.6461,6.80422,115.56222,3.39734,80.16584,147.64805,15.02302,110.37756,7.75448,91.27955,6.72262,3.92748,-5.44747,-2.2158,-135.31089,-140.43314,-5.12225,0.64922,0.52255,0.9761,0.94161,0.24395,0.32314,-1.5626,-0.83401,-1.44806,-0.3007,-0.66909,0.06654,-0.02148,0.20993,0.31657,0.08091,-0.10563,0.23197,-0.17615,0.29127,2.30323,0,-13.06599,-65.88528,-65.28487,7.39105,-7.7833,0.28006,1.98901
29,0.96667,1,0.60871,ready,82.86,left,173.74213,4.74262,114.45773,2.4677,77.06232,150.48249,16.52616,111.64325,5.91294,92.26025,5.67331,4.0237,-3.99295,-2.17265,-134.66598,-139.02934,-4.36336,0.66768,0.54477,0.98514,0.95056,0.19089,0.30718,-1.58079,-0.84491,-1.47874,-0.28848,-0.68008,0.06637,-0.01576,0.20359,0.22452,-0.03966,-0.15235,0.14304,-0.10307,0.1763,3.27989,0,-38.8531,-68.77055,208.11137,-3.85247,-0.63744,0.24873,1.35508
30,1.0,1,0.6512,ready,85.71,left,172.05589,2.21952,113.08662,4.93322,78.59819,161.52214,15.32277,111.96267,5.78669,94.21448,5.21882,3.67064,-3.70469,-2.2583,-135.03673,-139.9056,-4.86887,0.6839,0.56483,0.99268,0.97368,0.17262,0.37372,-1.58524,-0.851,-1.5215,-0.26853,-0.68699,0.06384,-0.01088,0.1998,0.27738,-0.03109,-0.02222,-0.00019,-0.03795,0.03795,3.01536,0,-24.42512,40.85456,275.09029,-10.78357,-13.29683,0.35729,3.58449
31,1.03333,1,0.66728,ready,88.57,left,172.11379,7.46625,111.55311,11.98119,83.0257,168.82184,15.77196,111.12166,10.10775,93.95558,5.66837,3.30479,-4.60018,-3.0591,-137.96417,-141.72049,-3.75631,0.6517,0.52561,1.00896,0.99497,0.17975,0.54594,-1.57763,-0.8547,-1.53619,-0.23687,-0.69695,0.06439,0.00263,0.2021,0.35294,-0.07971,0.11167,-0.10699,-0.08673,0.13772,2.86984,0,41.57807,125.46933,130.53325,-18.33873,-20.16089,0.36398,4.29472
32,1.06667,1,0.78179,ready,91.43,left,174.82776,10.58414,110.72114,16.00182,82.03839,170.22435,16.30804,110.53409,14.43887,91.45489,6.04207,2.44806,-5.52053,-3.60236,-138.3559,-140.68948,-2.33358,0.60747,0.47331,1.01694,1.01444,0.17721,0.65906,-1.5585,-0.84415,-1.54028,-0.17797,-0.67866,0.0587,0.01111,0.20721,0.30778,-0.28249,0.09215,-0.11519,-0.18939,0.22167,1.55402,0,29.57142,23.64675,23.62957,-32.1472,-5.20481,-0.05698,1.26971
33,1.1,1,0.7752,ready,94.29,left,174.08522,9.0427,112.35827,14.04325,78.96801,170.39715,14.59077,112.27819,13.93206,91.60495,5.14253,1.16165,-5.00892,-3.40609,-136.61837,-138.06888,-1.45051,0.62472,0.49351,1.00516,1.01555,0.15248,0.62131,-1.54978,-0.83902,-1.54556,-0.09932,-0.66566,0.04572,0.00827,0.20827,0.28597,-0.21958,-0.05879,-0.09599,-0.19292,0.21548,1.42525,0,5.09563,-60.78648,-4.14946,-26.16129,13.35246,-0.2912,2.21987
34,1.13333,1,0.67051,ready,97.14,left,175.16747,6.53171,115.22869,10.49314,79.90349,169.94772,14.026,113.93589,11.05324,92.54653,4.03657,0.70398,-3.97451,-2.7122,-136.40129,-136.83015,-0.42886,0.69251,0.57563,0.99753,1.00523,0.142,0.51553,-1.56689,-0.84798,-1.54924,-0.04395,-0.67535,0.04413,-0.00051,0.20333,0.63231,0.24921,-0.03525,-0.10651,-0.11001,0.15313,3.10967,0,-185.68372,1.67246,-58.19,1.35743,6.66616,-0.67408,3.77301
35,1.16667,1,0.72225,chamber,0.0,left,161.7063,9.1542,115.77115,2.25294,78.09075,166.51781,15.67664,115.86421,6.27171,86.12594,4.76951,1.25214,-4.60148,-2.96168,-133.4668,-134.1823,-0.7155,0.74119,0.63701,0.96022,0.98393,0.1962,0.37427,-1.52901,-0.80944,-1.53464,-0.00573,-0.60334,0.06223,-0.03064,0.2058,1.286,0.52012,0.2899,-0.11193,-0.01865,0.11347,3.16458,0,-718.42039,355.61896,-124.00082,4.94711,-40.02484,-2.1288,5.54079
36,1.2,1,0.72509,chamber,25.0,left,127.27278,30.23964,114.50106,-12.30982,79.85711,161.681,18.1435,120.43384,-1.15811,77.59694,6.49047,1.03378,-6.40691,-5.38052,-126.48912,-129.21163,-2.72252,0.7584,0.65854,0.85561,0.96,0.30155,0.25862,-1.35494,-0.70644,-1.51537,0.05163,-0.45705,0.07857,-0.07667,0.22248,1.07775,0.20026,0.545,-0.09209,0.03263,0.0977,0.9998,0,-895.12834,527.82725,-114.49321,-30.28209,-80.35285,-3.4791,7.26103
37,1.23333,1,0.80417,chamber,50.0,left,102.03108,44.34269,114.0129,-22.13851,87.7829,158.88493,15.9105,120.92547,-3.12634,78.49814,6.50018,-0.76667,-6.45442,-8.31854,-122.06942,-126.74491,-4.67549,0.76276,0.66495,0.72828,0.96787,0.40844,0.21502,-1.12413,-0.57049,-1.54007,0.10917,-0.37607,0.07545,-0.09123,0.24219,0.58767,-0.10448,0.57585,-0.06409,-0.01133,0.06509,1.73646,0,-457.75351,390.20674,6.56169,-53.83544,-82.88304,-3.00688,7.37006
38,1.26667,1,0.81493,chamber,75.0,left,96.75588,56.25342,116.27704,-29.64266,81.8417,162.11845,10.30809,116.95886,0.88061,78.76721,5.00938,-2.55525,-4.3058,-10.90605,-122.48539,-128.65261,-6.16722,0.77379,0.67959,0.65515,0.98163,0.54709,0.10472,-0.95781,-0.36358,-1.56694,0.14398,-0.3447,0.07177,-0.07298,0.26118,0.68201,0.12449,0.60579,-0.04615,-0.06317,0.07823,0.73627,0,-94.80827,455.41931,41.15922,-37.63158,-84.5574,-0.94686,7.95273
39,1.3,1,0.92031,extension,0.0,left,95.71053,74.70397,121.00327,-36.7052,71.47209,161.62888,11.24969,114.25051,0.87946,76.2052,4.66882,-3.27544,-3.32344,-13.9557,-124.24053,-132.18581,-7.94528,0.83484,0.76241,0.66516,0.94571,0.75093,-0.07565,-0.84214,-0.11869,-1.52301,0.17777,-0.28508,0.08402,-0.07178,0.28292,0.70026,0.30498,0.58264,-0.05472,-0.0304,0.0626,1.40839,0,36.08624,458.03739,-95.31901,-22.94089,-92.62443,0.49078,8.44356
40,1.33333,1,0.86384,extension,12.5,left,99.16163,86.78925,124.84604,-36.07628,82.15655,155.76385,13.64689,110.01497,-0.38759,79.46321,6.52431,-4.08464,-5.07882,-17.08102,-125.29237,-134.5702,-9.27783,0.8982,0.85061,0.68787,0.91508,0.95679,-0.16721,-0.68367,0.04012,-1.48169,0.1988,-0.23072,0.0921,-0.08896,0.30023,0.43707,-0.07353,0.33811,-0.06719,-0.06624,0.09435,2.35305,0,219.67224,261.11555,-75.30222,-45.1479,-100.7993,0.34903,7.92877
41,1.36667,1,0.92388,extension,25.0,left,110.35535,92.11168,128.17277,-32.37793,94.8872,156.60873,10.25618,102.31137,5.58075,84.55457,9.48661,-6.2853,-7.07699,-20.67565,-126.27673,-136.55179,-10.27507,0.89466,0.84607,0.68842,0.95087,1.10202,-0.19348,-0.4651,0.13444,-1.52911,0.16778,-0.18929,0.07888,-0.08989,0.30546,0.65514,-0.63492,0.07085,-0.05315,-0.21636,0.22279,4.04405,0,247.34598,141.18938,101.9382,-91.98794,-125.80024,-0.05142,7.05027
42,1.4,1,0.86709,extension,37.5,left,115.65136,96.20187,129.09855,-28.71945,111.04851,162.55973,6.18879,98.34362,12.19987,88.10391,13.14993,-10.21717,-8.18978,-25.4677,-126.93732,-139.64426,-12.70694,0.89917,0.85252,0.68444,0.98989,1.17506,-0.18761,-0.26803,0.23535,-1.59381,0.10093,-0.15443,0.04965,-0.07962,0.30488,1.04577,-1.02058,0.0488,-0.03817,-0.2917,0.29418,2.41826,0,115.10678,57.1279,120.24703,-134.24214,-128.47349,-0.133,5.61468
43,1.43333,1,0.78774,extension,50.0,left,118.02913,95.9202,129.83927,-21.85446,127.3177,164.6252,5.93,97.67662,14.70352,96.87094,17.87223,-15.23477,-9.12203,-29.24055,-125.81154,-139.24359,-13.43205,0.9315,0.89883,0.67956,0.97823,1.2271,-0.09706,-0.12568,0.30517,-1.58458,-0.02571,-0.1665,0.01085,-0.07502,0.30877,1.18747,-1.17169,0.07587,-0.03811,-0.32441,0.32664,2.43605,0,254.18305,-98.62506,23.82139,-154.17638,-83.73726,0.80837,5.77634
44,1.46667,1,0.53949,extension,62.5,left,132.5969,89.62687,134.01443,-12.64824,138.34273,164.14782,11.75478,95.25185,16.97166,98.50681,22.60244,-20.49559,-9.11914,-31.05018,-123.48283,-133.14381,-9.66098,0.92361,0.88723,0.73834,0.95939,1.36229,0.00478,0.00832,0.31905,-1.53334,-0.26889,-0.19179,-0.02857,-0.06749,0.31006,1.1737,-1.12578,-0.1365,-0.03708,-0.41658,0.41823,2.17744,0,521.58313,-257.19304,9.23129,-165.33811,-58.84341,2.62049,6.62804
45,1.5,1,0.51334,extension,75.0,left,152.80134,78.774,138.68377,-8.26389,140.80011,165.24062,18.19275,96.95458,18.293,88.53992,27.63605,-26.25731,-8.01462,-33.16344,-122.67254,-130.4379,-7.76536,0.92852,0.89432,0.85426,0.94826,1.55624,0.03587,0.13736,0.29137,-1.51446,-0.41505,-0.17104,-0.06435,-0.05474,0.29968,1.19409,-1.12353,-0.23655,-0.04464,-0.43386,0.43615,0.4708,1,464.77741,-313.76982,25.91931,-167.7004,-67.42278,2.78119,5.52476
46,1.53333,1,0.08592,extension,87.5,left,163.58206,68.70888,141.49045,-11.1423,139.48151,165.87577,23.19053,103.74764,18.81025,88.26177,32.66381,-31.67562,-7.16234,-35.54504,-123.04459,-138.1539,-15.10931,0.96841,0.95151,0.92375,0.93253,1.65804,-0.00426,0.22767,0.24807,-1.50869,-0.20293,-0.12792,-0.10344,-0.04598,0.29426,1.18302,-1.14968,-0.04895,-0.0557,-0.40835,0.41213,0.95439,0,145.10983,-232.31932,-32.87906,-139.09923,-49.96811,1.21867,2.70836
47,1.56667,1,0.03595,impact,0.0,left,162.47533,63.28605,142.14402,-14.59493,146.82052,163.04868,27.55046,108.22437,21.63148,93.51976,36.34042,-35.5306,-6.65533,-36.49465,-122.7899,-146.58287,-23.79297,0.98082,0.97055,0.9355,0.92946,1.66685,-0.05486,0.24811,0.22012,-1.47981,0.11445,-0.1108,-0.14088,-0.03688,0.29652,1.10022,-0.98351,-0.23941,-0.05234,-0.48472,0.48754,1.89489,0,12.59151,-189.35037,-59.06089,-109.50933,-11.37322,0.24416,1.1093
48,1.6,1,0.02474,impact,50.0,left,164.42149,56.08552,139.88982,-11.11869,147.56465,161.93838,32.05978,110.80527,21.71481,84.54165,39.48424,-38.97624,-5.34792,-36.30325,-122.69489,-148.62976,-25.93487,1.0,0.99923,0.94003,0.95182,1.68065,0.0,0.15752,0.18151,-1.49532,0.2044,-0.13642,-0.16897,-0.01737,0.27844,1.26648,-0.80323,-0.79676,-0.05292,-0.52394,0.5266,1.3032,0,16.67221,-233.62681,4.02093,-103.51527,10.23492,-0.27891,4.25048
49,1.63333,1,0.04855,retraction,0.0,left,163.58681,47.71092,134.73377,-8.40325,141.46556,163.31675,37.56213,116.63133,19.20171,79.97779,42.63674,-42.43161,-3.42388,-35.81232,-122.08948,-149.07677,-26.98729,1.0,0.99936,0.91691,0.97938,1.63954,0.04227,-0.0167,0.12351,-1.54633,0.19355,-0.15232,-0.19444,0.00112,0.24341,1.12278,-0.69149,-0.86299,-0.04998,-0.50885,0.5113,1.59591,0,-217.04644,-133.67073,-27.91607,-84.50312,6.89199,-1.39519,6.18537
50,1.66667,1,0.05183,retraction,25.0,left,149.95173,47.17414,127.90431,-21.49819,132.83228,160.07731,41.11337,119.32015,21.27393,90.77836,44.69837,-44.60978,-2.25348,-35.84378,-119.59458,-149.39862,-29.80404,1.0,0.99963,0.84701,0.98497,1.48203,-0.15162,-0.17055,0.09579,-1.50829,0.18471,-0.09013,-0.21511,-0.00445,0.2209,0.67173,-0.41553,-0.44059,-0.02994,-0.63732,0.63803,3.8683,0,-474.58152,124.19653,-148.48184,-42.7794,-10.30526,-1.59106,8.97191
51,1.7,1,0.02414,retraction,50.0,left,131.94804,55.99069,121.65157,-40.97863,108.00778,153.41796,40.4888,117.06217,24.47418,89.92144,45.31312,-45.28357,-1.30116,-36.49934,-118.23275,-148.4485,-30.21574,1.0,0.99948,0.81084,0.97614,1.31919,-0.39733,-0.26542,0.10065,-1.42292,0.13576,-0.00492,-0.22218,-0.01829,0.21419,0.12219,-0.05897,-0.06488,-0.04199,-0.78533,0.78646,1.91705,0,-438.09941,166.49403,-166.03811,2.56118,-0.13492,-0.97383,6.41565
52,1.73333,1,0.02212,retraction,75.0,left,120.7451,58.27374,117.57327,-45.83202,99.10494,149.0081,37.43807,119.14567,21.18434,81.17957,44.45142,-44.43904,0.84211,-35.85278,-120.00343,-148.93458,-28.93116,1.0,0.99946,0.78209,0.96073,1.21237,-0.43363,-0.34534,0.11128,-1.41475,0.12356,-0.01222,-0.21897,-0.01008,0.21676,0.32089,0.20977,0.16865,-0.08755,-0.74538,0.75051,2.35636,0,-361.52767,46.67974,-139.04779,46.45739,24.22595,-1.27469,4.01503
53,1.76667,1,0.03217,recovery,0.0,left,107.8462,59.10268,116.29197,-45.15605,121.79866,144.1481,32.85947,122.04383,14.31575,80.646,42.25963,-42.18642,2.04372,-34.88428,-120.97388,-147.86134,-26.88745,1.0,0.99978,0.72586,0.9376,1.09727,-0.36998,-0.41251,0.12692,-1.43312,0.04896,-0.10394,-0.20814,-0.00667,0.22542,0.58251,0.40199,0.22808,-0.10031,-0.64197,0.64976,2.43273,0,-404.77633,90.69865,-184.43218,67.00024,-7.18625,-1.78113,4.11822
54,1.8,1,0.12186,recovery,5.26,left,93.76001,64.32032,116.98028,-49.05501,135.44165,136.71262,27.54308,115.7046,8.86967,79.38392,39.97485,-39.97235,0.375,-36.33186,-119.31179,-142.25775,-22.94596,1.0,0.99985,0.66335,0.90134,0.97287,-0.33063,-0.43178,0.14323,-1.40911,-0.17083,-0.15659,-0.19227,-0.03377,0.23181,0.83645,0.41715,0.19003,-0.08389,-0.60904,0.61479,1.478,0,-340.04256,136.59394,-167.45458,59.17359,-31.92875,-1.59115,3.25751
55,1.83333,1,0.04876,recovery,10.53,left,85.17669,68.20894,118.99732,-50.99923,134.64941,132.98446,25.93162,112.14862,5.09368,77.02975,38.27845,-38.24151,-1.43481,-37.01286,-118.08009,-139.01703,-20.93694,1.0,0.99977,0.61978,0.87977,0.90579,-0.27012,-0.43616,0.15312,-1.39349,-0.25399,-0.13305,-0.18036,-0.05321,0.23797,0.45757,0.32029,0.27102,-0.07255,-0.58979,0.59423,1.48257,0,-181.00418,50.50013,-46.68452,57.72359,30.07564,-0.92507,2.94357
56,1.86667,1,0.11444,recovery,15.79,left,81.69307,67.68699,122.39109,-45.76729,121.63082,133.60032,27.93963,112.68567,1.74396,83.84571,36.15588,-36.12412,-1.31677,-34.32682,-118.90515,-138.76494,-19.8598,1.0,0.99986,0.60168,0.87979,0.89743,-0.15353,-0.47059,0.15962,-1.41267,-0.12731,-0.13143,-0.17078,-0.04576,0.24972,0.57079,0.37971,0.36861,-0.05375,-0.51574,0.51854,2.49824,0,-101.38865,-23.84345,48.70545,70.36244,71.38033,-0.58563,4.17605
57,1.9,1,0.20733,recovery,21.05,left,78.41745,66.61938,123.17485,-36.78083,111.81794,136.2315,28.42779,108.76762,-0.70757,88.18793,33.57732,-33.55068,-1.18599,-32.25417,-120.45645,-136.31744,-15.86099,1.0,0.99984,0.58074,0.86999,0.87725,0.00102,-0.49374,0.16673,-1.42619,-0.05185,-0.15431,-0.15489,-0.03873,0.26233,0.6462,0.52401,0.3484,-0.03283,-0.39535,0.39671,2.55221,0,-114.29232,-9.03956,113.25452,75.17097,29.70928,-0.95057,4.08986
58,1.93333,1,0.33726,recovery,26.32,left,74.07358,67.08436,120.80874,-30.26145,97.73341,141.15062,26.21785,107.77006,-0.61666,81.46365,31.14567,-31.11272,-1.29272,-32.3462,-122.0638,-133.80612,-11.74233,0.99956,0.99865,0.53831,0.85089,0.80234,0.10216,-0.47676,0.17178,-1.41622,-0.06406,-0.11691,-0.13565,-0.03567,0.2729,0.59944,0.5099,0.2633,-0.0305,-0.30489,0.30641,1.41271,0,-134.36095,20.56485,118.09899,74.63159,9.4622,-1.29378,2.99796
59,1.96667,1,0.35159,recovery,31.58,left,69.46005,67.99037,118.86718,-30.24799,82.85755,144.10476,24.02477,110.48099,-0.22872,76.06489,28.57524,-28.57524,0.00382,-31.62336,-121.79735,-131.70984,-9.91248,0.93321,0.90079,0.49449,0.85057,0.70484,0.10006,-0.47475,0.1583,-1.41595,-0.06177,-0.08229,-0.12066,-0.02703,0.27997,0.45371,0.40485,0.1311,-0.03672,-0.2771,0.27952,0.73108,0,-96.36375,9.81642,58.54925,81.37324,40.16669,-0.84469,2.51979
60,2.0,1,0.36325,recovery,36.84,left,67.64933,67.73879,119.70834,-33.90113,74.2046,145.05391,23.25221,110.17799,-1.30794,74.94063,25.71699,-25.68784,1.14263,-29.66842,-118.49057,-127.88119,-9.39062,0.91642,0.87661,0.48199,0.87413,0.64027,0.08002,-0.51453,0.11439,-1.45131,-0.05494,-0.12161,-0.10853,-0.02523,0.28162,0.44551,0.4363,0.07925,-0.03449,-0.26022,0.2625,0.88209,0,-22.96147,-5.65245,36.68136,83.84551,48.63464,-0.09252,1.45464
61,2.03333,1,0.50108,recovery,42.11,left,67.92929,67.61354,122.2689,-34.72035,72.11007,146.55019,21.48655,111.24654,-1.06655,74.5367,22.99156,-22.98554,0.49782,-28.38105,-115.47786,-126.18602,-10.70816,0.91321,0.87209,0.48832,0.88941,0.63431,0.09889,-0.54136,0.07461,-1.47339,-0.04432,-0.15593,-0.09156,-0.02991,0.28518,0.64819,0.62067,0.17967,-0.01493,-0.25761,0.25805,0.48784,1,-6.6638,19.63861,0.67171,76.98109,28.82397,0.13977,1.09595
62,2.06667,1,0.57016,recovery,47.37,left,67.20508,69.04803,124.6583,-31.28378,71.03419,145.09869,16.95152,115.36563,-0.49997,75.71869,20.5566,-20.55576,-0.17792,-27.74682,-115.15515,-126.88075,-11.7256,0.89356,0.84406,0.49131,0.87326,0.65842,0.14873,-0.53167,0.06906,-1.43793,-0.0375,-0.15441,-0.06722,-0.02859,0.29358,0.7651,0.74008,0.17337,0.00467,-0.28472,0.28476,1.11295,0,-5.89158,24.14512,-44.08695,80.68716,38.6498,0.18295,1.41527
63,2.1,1,0.68039,recovery,52.63,left,67.53652,69.22321,123.66268,-29.19659,74.86861,143.61105,12.22672,115.75234,-1.44585,78.96353,17.62532,-17.6064,-0.79091,-25.8044,-115.91791,-126.25575,-10.33784,0.89841,0.85095,0.50052,0.85981,0.64908,0.19002,-0.56107,0.03298,-1.41029,-0.06844,-0.16978,-0.0423,-0.03567,0.29668,0.80039,0.66547,-0.04302,-0.00272,-0.2749,0.27492,1.1198,0,78.0987,-55.81681,48.05182,96.08771,83.44538,0.62269,2.24298
64,2.13333,1,0.67888,recovery,57.89,left,72.41166,65.32691,119.20623,-32.36528,86.95649,148.30214,9.82539,113.05247,-1.57362,82.33464,14.33036,-14.14992,-2.22096,-22.1838,-115.85247,-125.10974,-9.25726,0.92991,0.89583,0.53282,0.88009,0.60383,0.15445,-0.67089,-0.08405,-1.44116,-0.10327,-0.20031,-0.02284,-0.05808,0.29058,0.76988,0.53062,-0.2675,-0.01228,-0.22648,0.22682,1.41272,0,170.90852,-145.25698,101.63616,93.34138,102.61083,1.28675,3.8924
65,2.16667,1,0.81623,recovery,63.16,left,78.93042,59.53941,116.40954,-34.1638,86.04952,150.3868,8.29041,112.51974,-1.59976,84.86351,11.68602,-11.38364,-2.60645,-18.96367,-114.61547,-124.01397,-9.39849,0.95025,0.92559,0.5863,0.90556,0.58078,0.10204,-0.79555,-0.21984,-1.47451,-0.11755,-0.22595,-0.00689,-0.06835,0.27875,0.63292,0.45558,-0.43753,0.00291,-0.20616,0.20618,0.82557,0,185.71107,-188.60675,0.01778,70.11083,82.82613,1.63269,3.57536
66,2.2,1,0.82373,recovery,68.42,left,84.7924,52.75312,116.30397,-30.30335,79.72342,148.30333,7.33079,113.52011,-3.02171,85.15066,9.65862,-9.47586,-1.853,-16.66206,-113.42688,-122.62061,-9.19373,0.95781,0.93692,0.64167,0.9177,0.57117,0.13356,-0.90611,-0.33926,-1.48578,-0.14171,-0.2482,0.00752,-0.06079,0.26137,0.67219,0.37844,-0.52351,0.01705,-0.18814,0.18891,0.84257,0,202.83502,-212.39018,-5.46237,53.71204,70.2477,1.68397,3.69877
67,2.23333,1,0.82465,recovery,73.68,left,92.45275,45.38007,115.93314,-25.56916,79.81395,150.02264,6.17745,113.84974,-3.37781,82.50104,7.9987,-7.80284,-1.74837,-14.28049,-113.7692,-122.70238,-8.93318,0.95019,0.92547,0.69856,0.93382,0.53143,0.18171,-1.02371,-0.46121,-1.50587,-0.16958,-0.25753,0.0183,-0.05593,0.24378,0.51058,0.27332,-0.41716,0.01723,-0.14678,0.14778,0.70236,0,237.01698,-199.11512,55.76629,46.36432,67.30218,1.60144,3.66407
68,2.26667,1,0.71861,recovery,78.95,left,100.59353,39.47878,115.91502,-23.29707,80.15978,152.02108,4.01333,113.42346,-2.15895,80.14659,6.64569,-6.38491,-1.83577,-12.17524,-114.49893,-123.63807,-9.13914,0.92804,0.8933,0.74843,0.94853,0.48413,0.18585,-1.12844,-0.5585,-1.51797,-0.17231,-0.25271,0.02565,-0.05355,0.23343,0.32117,0.19891,-0.24854,0.01255,-0.14997,0.15049,0.66151,0,246.27655,-145.38017,13.6774,41.41041,62.51568,1.43861,3.29606
69,2.3,1,0.69585,recovery,84.21,left,108.87119,35.68806,116.02045,-22.52431,76.52286,150.93447,4.35008,112.41989,-1.38736,79.34264,5.44351,-5.04214,-2.0462,-10.11278,-114.65103,-124.16308,-9.51206,0.92235,0.88522,0.79447,0.94985,0.4405,0.16866,-1.22351,-0.61667,-1.50308,-0.1515,-0.24961,0.03142,-0.05326,0.22709,0.27521,0.12125,-0.19082,0.00262,-0.18274,0.18276,0.40857,1,267.26649,-94.49916,16.07703,40.97062,70.77211,1.43133,3.50324
70,2.33333,1,0.69836,recovery,89.47,left,118.41129,33.17884,113.72515,-22.76735,74.46772,153.09288,6.3094,110.79517,-1.39573,76.99334,4.82859,-3.65353,-3.15277,-7.4571,-116.1426,-125.5252,-9.3826,0.92318,0.886,0.84385,0.94614,0.37781,0.12188,-1.32642,-0.66394,-1.49224,-0.12885,-0.25701,0.03364,-0.06414,0.22067,0.31747,-0.03319,-0.17342,4e-05,-0.14907,0.14907,1.29529,0,304.13341,-100.53119,98.98838,30.11056,67.09567,1.37762,3.48887
71,2.36667,1,0.63785,recovery,94.74,left,129.14675,28.98598,110.73347,-21.06126,75.83984,157.53369,6.67198,109.26121,-0.90833,75.4328,5.02935,-3.03477,-4.00679,-5.63974,-118.74157,-126.74857,-8.007,0.92,0.88032,0.88631,0.95031,0.31755,0.1002,-1.40872,-0.7098,-1.50253,-0.12724,-0.2773,0.0292,-0.07084,0.21552,0.26441,-0.18748,-0.16592,0.00539,-0.08881,0.08897,0.88538,0,377.18686,-216.04255,105.71686,9.21664,37.41479,1.26358,2.9336
72,2.4,1,0.6868,reset,0.0,left,143.55708,18.776,110.41256,-13.27184,75.44852,160.14067,5.68485,108.44029,0.76626,77.79549,4.99445,-3.03909,-3.95966,-4.96278,-120.22283,-126.18322,-5.96039,0.93168,0.89693,0.92809,0.96034,0.27408,0.18287,-1.48064,-0.76384,-1.51519,-0.14061,-0.30348,0.02119,-0.05837,0.20958,0.54589,-0.21322,-0.18462,0.00129,-0.0785,0.07851,0.35599,1,437.20342,-334.00756,74.20293,5.50324,27.8934,1.43338,4.24062
73,2.43333,1,0.66449,reset,3.85,left,158.29364,6.71881,111.12352,-2.9115,74.35603,162.48056,5.84583,108.92186,2.55989,77.43086,4.64853,-2.66789,-3.80398,-3.78018,-120.7002,-125.20741,-4.50722,0.93405,0.89998,0.98187,0.96748,0.22524,0.31839,-1.56306,-0.83049,-1.51979,-0.15292,-0.31818,0.01503,-0.03963,0.20317,0.52966,-0.13893,-0.13451,-4e-05,-0.07118,0.07118,0.214,1,315.71154,-218.15447,78.67038,12.43068,35.96674,1.28823,3.98589
74,2.46667,1,0.71713,reset,7.69,left,164.60452,4.23237,110.76706,2.79196,76.82012,165.38536,6.18393,110.99143,3.88226,71.6086,4.06977,-2.21038,-3.4155,-2.565,-120.66826,-124.68296,-4.0147,0.91412,0.87223,1.01398,0.97487,0.1808,0.39605,-1.60899,-0.87595,-1.52843,-0.1736,-0.32248,0.01187,-0.02553,0.20057,0.3438,0.03201,-0.06402,0.00195,-0.05024,0.05028,0.43357,1,132.9506,-33.11439,69.71346,17.74154,19.88244,0.43014,1.26519
75,2.5,1,0.68069,reset,11.54,left,167.15702,4.51118,110.90191,3.07581,78.16347,167.12812,7.45265,113.01496,4.73879,67.67442,2.89486,-1.48512,-2.48432,-2.45468,-120.44438,-124.01591,-3.57153,0.90397,0.8577,1.01055,0.98744,0.16823,0.36017,-1.6093,-0.88252,-1.54614,-0.19583,-0.32924,0.01703,-0.01723,0.19885,0.3344,0.31808,-0.05754,-0.01037,-0.04958,0.05065,0.57636,1,76.13545,-30.55002,17.49843,39.61663,-0.0627,-0.13095,1.62093
76,2.53333,1,0.69113,reset,15.38,left,169.68022,2.1957,111.50991,1.67515,76.67703,166.55193,10.33211,112.65872,4.82152,68.4589,2.29706,0.43073,-2.25627,-2.56918,-120.83168,-123.50728,-2.6756,0.90454,0.85789,1.00525,0.99421,0.17536,0.28814,-1.60972,-0.87606,-1.556,-0.19772,-0.33415,0.033,-0.0198,0.19668,0.46579,0.41423,-0.01167,-0.00793,-0.05391,0.05449,0.11196,1,35.38357,-36.74576,-22.53619,56.01476,2.64753,-0.03838,1.01688
77,2.56667,1,0.70404,reset,19.23,left,169.51592,2.06146,111.58844,1.72954,77.77274,165.62571,11.82614,111.90124,4.76521,72.42617,4.28664,2.2492,-3.64728,-2.27818,-120.81273,-123.25824,-2.44551,0.90663,0.86102,1.00799,0.99141,0.16366,0.29278,-1.61466,-0.87704,-1.55088,-0.19187,-0.33038,0.04465,-0.03137,0.19806,0.35029,0.19756,0.03363,0.017,-0.06803,0.07012,0.47983,1,-36.74387,17.62639,-4.52029,37.83555,14.49453,0.04575,0.67083
78,2.6,1,0.69822,reset,23.08,left,167.23063,3.37079,111.87476,1.50778,79.94879,166.25057,10.94048,113.22804,4.74396,75.12312,5.49547,2.9531,-4.63047,-1.60288,-119.65496,-122.69959,-3.04463,0.92232,0.88391,1.0083,0.99061,0.13753,0.31157,-1.61441,-0.88233,-1.54627,-0.19123,-0.31811,0.04616,-0.03891,0.19895,0.11088,0.05947,-0.0168,0.03081,-0.08865,0.09385,0.7104,0,-45.18011,29.09092,25.18341,22.7484,25.81491,-0.07794,0.44268
79,2.63333,1,0.64751,reset,26.92,left,166.50392,4.00086,111.3699,0.24579,79.02779,167.3046,9.89005,113.10103,5.18984,75.70988,5.59032,3.76576,-4.12572,-0.55719,-118.9287,-121.4352,-2.5065,0.93665,0.90479,1.00279,0.99323,0.13779,0.27856,-1.61303,-0.88394,-1.54688,-0.17963,-0.30058,0.04856,-0.03751,0.19695,0.0641,0.0564,-0.01209,0.06537,-0.09743,0.11733,1.7582,0,13.37223,8.99977,39.71695,25.61285,28.45637,-0.18732,0.79808
80,2.66667,1,0.71592,reset,30.77,left,168.12211,3.97078,109.4844,0.34295,76.86969,168.89837,9.07111,109.91949,7.81544,78.42646,6.35662,4.66063,-4.31308,0.29421,-119.27076,-119.81987,-0.54911,0.91828,0.87855,0.99581,0.99532,0.14778,0.25979,-1.60751,-0.88078,-1.54058,-0.15844,-0.29023,0.04985,-0.0371,0.19808,0.08384,0.03271,0.06023,0.14707,-0.14037,0.20331,2.56412,0,48.77471,14.35842,32.95525,25.16327,25.28428,-0.18129,0.57536
81,2.7,1,0.76031,reset,34.62,left,169.75556,4.95808,109.09479,0.21069,75.78428,169.50162,8.75964,108.75228,10.16732,80.70005,7.42618,5.44331,-5.03634,1.12843,-119.46592,-118.94644,0.51948,0.88321,0.82924,0.99071,0.99714,0.14258,0.24155,-1.60411,-0.87868,-1.52891,-0.14733,-0.28616,0.05067,-0.04077,0.20089,0.17806,0.15528,0.04911,0.22932,-0.19442,0.30065,1.84344,0,20.07633,34.95552,-12.40965,32.97311,27.47145,-0.11814,0.67169
82,2.73333,1,0.76802,reset,38.46,left,169.46053,6.30115,111.1464,-0.68137,76.46774,168.07106,8.30908,110.95646,8.46593,78.8148,8.27598,6.85883,-4.60905,2.12564,-118.94279,-119.21844,-0.27564,0.87423,0.81661,0.98793,0.99369,0.16603,0.21898,-1.60596,-0.881,-1.52667,-0.13661,-0.26824,0.06013,-0.04187,0.20138,0.21854,0.19991,0.0477,0.30873,-0.16358,0.34939,2.60571,0,-19.01755,14.96389,-37.55982,30.44162,16.97437,-0.04318,1.20168
83,2.76667,1,0.77042,reset,42.31,left,168.48773,5.95568,112.79225,1.31925,80.18223,166.99763,5.91567,113.32901,5.09929,79.06153,8.89634,7.47275,-4.79985,2.26006,-118.88255,-120.17432,-1.29177,0.8869,0.83447,0.98783,0.98745,0.21506,0.27569,-1.6023,-0.88196,-1.52813,-0.1184,-0.2411,0.06397,-0.04561,0.20418,0.28449,-0.12749,0.15611,0.39757,-0.07832,0.40521,3.08522,0,-15.46306,-32.27462,7.90289,-7.18758,-3.97626,0.01165,2.25052
84,2.8,1,0.83186,reset,46.15,left,168.42966,4.1495,113.134,4.23563,85.02005,168.59792,2.79571,115.45622,3.60448,84.33633,8.83223,6.37966,-6.08268,1.86056,-119.99329,-121.00852,-1.01522,0.87686,0.82045,0.98871,0.97674,0.2335,0.35257,-1.59343,-0.8753,-1.51208,-0.11847,-0.23331,0.05161,-0.05509,0.21188,0.45551,-0.34578,0.2356,0.45533,-0.02525,0.45603,2.2273,0,-4.28892,-36.61637,50.12276,-29.11873,0.21844,-0.07921,1.61898
85,2.83333,1,0.84006,reset,50.0,left,168.2018,3.51459,113.58158,4.78075,87.88588,170.33915,3.93672,117.20905,3.47105,87.49411,8.34437,5.5315,-6.22797,2.27462,-120.73642,-121.04406,-0.30764,0.84336,0.7736,0.98255,0.96325,0.24202,0.37831,-1.58196,-0.8655,-1.4827,-0.13113,-0.24439,0.04082,-0.05748,0.21991,0.25371,-0.19615,0.16089,0.48427,-0.01298,0.48445,1.44866,0,-27.50366,1.57743,24.98234,-13.78959,18.60424,-0.1662,1.34867
86,2.86667,1,0.85676,reset,53.85,left,166.59608,4.25467,114.58605,5.77428,89.24877,170.26341,5.48997,117.54699,3.64691,87.23679,8.29347,5.46036,-6.2233,3.10084,-120.40155,-120.88101,-0.47945,0.82823,0.75328,0.97763,0.95821,0.27419,0.42847,-1.56751,-0.86068,-1.46288,-0.12829,-0.2499,0.03842,-0.05481,0.22264,0.05831,-0.05593,-0.00218,0.52043,-0.02402,0.52099,1.12117,0,-22.20033,25.88257,-0.36891,-2.09029,17.17214,-0.02111,1.96125
87,2.9,1,0.86222,reset,57.69,left,166.72178,5.24009,115.1119,8.18041,90.26162,170.31455,6.80491,117.65287,3.44369,87.14547,9.05173,5.39215,-7.24877,3.41943,-120.30323,-121.35938,-1.05615,0.83808,0.76676,0.98114,0.96142,0.30091,0.49288,-1.5593,-0.85902,-1.46055,-0.13203,-0.25243,0.03705,-0.05851,0.21983,0.11562,-0.0092,-0.07468,0.55933,-0.01778,0.55961,1.38433,0,42.16462,36.97407,13.38255,1.28794,1.94672,0.07165,1.11149
88,2.93333,1,0.8679,reset,61.54,left,169.40706,6.71961,114.3899,9.0551,89.87339,171.15558,7.58783,118.54407,2.17774,88.06624,9.07508,5.54622,-7.16048,3.23062,-120.83877,-121.66405,-0.82527,0.84977,0.78294,0.9824,0.96854,0.31066,0.49262,-1.56065,-0.85441,-1.47255,-0.15108,-0.26718,0.03781,-0.06066,0.21768,0.07294,0.01902,-0.04571,0.59167,0.04468,0.59336,1.72352,0,62.9301,44.3322,21.08781,1.30974,-9.4791,0.00656,0.58146
89,2.96667,1,0.88056,reset,65.38,left,170.91712,8.19557,113.36566,8.22531,89.04969,171.72041,8.3086,118.81509,0.93904,89.26361,8.59098,5.47947,-6.59638,2.78749,-120.9436,-121.09032,-0.14671,0.86555,0.8048,0.98158,0.97849,0.32693,0.46435,-1.56285,-0.84782,-1.49063,-0.14889,-0.28184,0.03832,-0.06209,0.21676,0.22615,-0.02584,-0.09585,0.60908,0.09548,0.61652,0.62982,0,13.71662,36.22577,-7.71239,-11.71485,-12.02773,-0.01249,1.05793
90,3.0,1,0.88765,reset,69.23,left,170.3215,9.13466,113.46833,6.92332,89.41108,170.64142,9.44681,117.53229,0.84938,90.15651,9.2387,4.76523,-7.89652,2.42877,-120.35286,-120.45805,-0.10519,0.89254,0.84277,0.98157,0.98495,0.35721,0.43978,-1.56318,-0.84265,-1.50384,-0.14161,-0.28505,0.0361,-0.07411,0.21127,0.36456,0.02147,-0.20052,0.59803,0.06772,0.60185,1.03171,0,-14.26785,51.40953,-45.57469,-15.18946,-7.76489,-0.06217,1.60873
91,3.03333,1,0.85411,reset,73.08,left,169.96593,11.62287,113.94749,4.49133,88.50673,168.68209,8.96335,115.34626,1.2309,89.44448,9.84615,4.46683,-8.75666,2.26983,-119.98964,-120.88777,-0.89813,0.91635,0.87664,0.97743,0.98878,0.38996,0.37769,-1.56298,-0.83497,-1.51483,-0.16216,-0.28344,0.03979,-0.0822,0.20335,0.27434,0.15712,-0.18156,0.56958,0.02489,0.57012,1.36675,0,-30.27751,89.91987,-42.9,-4.38573,-8.97019,-0.16814,2.30576
92,3.06667,1,0.82996,reset,76.92,left,168.303,15.12931,113.85842,0.97609,85.46332,167.78142,7.56473,113.50245,1.55906,88.17783,9.49067,4.47285,-8.35341,1.83076,-119.84409,-122.22667,-2.38258,0.92967,0.89545,0.97036,0.99241,0.41645,0.29808,-1.55704,-0.82194,-1.52805,-0.17523,-0.27215,0.04666,-0.08292,0.19907,0.21851,0.03334,-0.0829,0.53847,0.0008,0.53847,1.27877,0,-64.9344,85.81752,-17.5251,-16.91812,-17.42778,-0.14551,1.83655
93,3.1,1,0.8126,reset,80.77,left,165.63697,17.34404,114.44977,-1.14909,83.01343,167.51375,8.7769,113.35839,1.87993,89.12266,10.28324,3.33896,-9.71491,1.10798,-118.78306,-122.68689,-3.90383,0.93835,0.90794,0.96773,0.99466,0.44102,0.2672,-1.54931,-0.81596,-1.53768,-0.17736,-0.25924,0.04209,-0.09553,0.19769,0.34407,-0.21699,-0.02137,0.50926,-0.04264,0.51104,1.05032,0,-34.20505,15.47255,-4.28251,-39.81605,-17.17614,0.03959,0.85331
94,3.13333,1,0.81986,reset,84.62,left,166.02266,16.16082,115.55972,-0.39652,82.57171,167.49592,9.87179,113.76051,2.1746,91.26329,10.72472,1.81844,-10.56582,0.68569,-117.74819,-121.65795,-3.90976,0.93026,0.89636,0.973,0.99536,0.47123,0.28474,-1.54981,-0.82281,-1.54279,-0.22339,-0.2744,0.03216,-0.1007,0.19751,0.24005,-0.09813,0.02196,0.48245,-0.0676,0.48717,0.97423,0,50.9849,-53.21961,16.79435,-24.94697,-7.59721,0.14244,1.24744
95,3.16667,1,0.86449,reset,88.46,left,169.03596,13.79607,115.49159,1.87707,82.97907,168.63338,7.0988,112.38519,3.18473,91.46923,8.77745,1.67583,-8.6135,0.6015,-118.64535,-121.12037,-2.47501,0.89853,0.85088,0.97723,0.99303,0.50978,0.31375,-1.54683,-0.82403,-1.54248,-0.28244,-0.29876,0.03547,-0.08103,0.19908,0.48804,0.24844,0.05439,0.44843,-0.05518,0.45181,1.26806,0,82.3436,-10.84976,35.6676,10.02542,-1.92809,0.02915,1.5341
96,3.2,1,0.87686,reset,92.31,left,171.51223,15.4375,114.95001,3.88296,81.87236,169.87376,4.35569,110.88418,4.91776,90.84876,8.72582,2.4868,-8.35865,0.55715,-120.33345,-121.95361,-1.62016,0.8657,0.80481,0.97495,0.98747,0.55234,0.34414,-1.53092,-0.81328,-1.5338,-0.2907,-0.29134,0.04875,-0.07293,0.2011,0.31844,0.31098,0.05257,0.41008,-0.07164,0.41629,1.21551,0,27.55161,56.72357,15.0194,17.14093,-5.27438,-0.05084,1.44009
97,3.23333,1,0.88529,reset,96.15,left,170.87273,17.57764,114.70975,4.25261,81.35728,169.63467,5.06447,111.18456,5.22531,92.41043,10.49779,2.81856,-10.10406,0.24987,-120.88542,-122.48304,-1.59762,0.85081,0.78425,0.97384,0.98072,0.58518,0.36575,-1.51795,-0.80748,-1.52588,-0.31484,-0.28513,0.05623,-0.08391,0.20253,0.1842,0.10325,0.04638,0.37719,-0.09317,0.38853,1.04886,0,-58.2552,25.54583,-28.50681,-0.66021,-16.17748,0.02877,0.85127
98,3.26667,1,0.73391,reset,100.0,left,167.62855,17.14056,114.0127,2.68073,88.90908,167.97331,6.46623,112.01699,3.10387,96.29082,9.80179,2.44279,-9.48669,-0.52135,-120.58023,-121.89534,-1.31511,0.84944,0.78208,0.97686,0.9734,0.60259,0.36593,-1.51672,-0.81235,-1.52631,-0.42832,-0.32388,0.05546,-0.08265,0.20422,0.06565,-0.0186,0.04889,0.34394,-0.05117,0.34773,1.4407,0,-97.32539,-13.11243,-49.84095,-11.273,-23.13676,0.09073,0.52813
